0,9,2,0,0
10,10,7,0,0
11,12,2,0,0
13,13,1,0,0
14,31,2,0,0
127,159,2,0,0
169,169,4,0,0
173,173,2,0,0
174,174,4,0,0
768,879,3,1,0
1155,1161,3,1,0
1425,1469,3,1,0
1471,1471,3,1,0
1473,1474,3,1,0
1476,1477,3,1,0
1479,1479,3,1,0
1536,1541,10,0,0
1552,1562,3,1,0
1564,1564,2,0,0
1611,1631,3,1,0
1648,1648,3,1,0
1750,1756,3,1,0
1757,1757,10,0,0
1759,1764,3,1,0
1767,1768,3,1,0
1770,1773,3,1,0
1807,1807,10,0,0
1809,1809,3,1,0
1840,1866,3,1,0
1958,1968,3,1,0
2027,2035,3,1,0
2045,2045,3,1,0
2070,2073,3,1,0
2075,2083,3,1,0
2085,2087,3,1,0
2089,2093,3,1,0
2137,2139,3,1,0
2192,2193,10,0,0
2199,2207,3,1,0
2250,2273,3,1,0
2274,2274,10,0,0
2275,2306,3,1,0
2307,2307,12,0,0
2325,2361,5,0,0
2362,2362,3,1,0
2363,2363,12,0,0
2364,2364,3,1,0
2366,2368,12,0,0
2369,2376,3,1,0
2377,2380,12,0,0
2381,2381,3,0,1
2382,2383,12,0,0
2385,2391,3,1,0
2392,2399,5,0,0
2402,2403,3,1,0
2424,2431,5,0,0
2433,2433,3,1,0
2434,2435,12,0,0
2453,2472,5,0,0
2474,2480,5,0,0
2482,2482,5,0,0
2486,2489,5,0,0
2492,2492,3,1,0
2494,2494,3,1,0
2495,2496,12,0,0
2497,2500,3,1,0
2503,2504,12,0,0
2507,2508,12,0,0
2509,2509,3,0,1
2519,2519,3,1,0
2524,2525,5,0,0
2527,2527,5,0,0
2530,2531,3,1,0
2544,2545,5,0,0
2558,2558,3,1,0
2561,2562,3,1,0
2563,2563,12,0,0
2620,2620,3,1,0
2622,2624,12,0,0
2625,2626,3,1,0
2631,2632,3,1,0
2635,2637,3,1,0
2641,2641,3,1,0
2672,2673,3,1,0
2677,2677,3,1,0
2689,2690,3,1,0
2691,2691,12,0,0
2709,2728,5,0,0
2730,2736,5,0,0
2738,2739,5,0,0
2741,2745,5,0,0
2748,2748,3,1,0
2750,2752,12,0,0
2753,2757,3,1,0
2759,2760,3,1,0
2761,2761,12,0,0
2763,2764,12,0,0
2765,2765,3,0,1
2786,2787,3,1,0
2809,2809,5,0,0
2810,2815,3,1,0
2817,2817,3,1,0
2818,2819,12,0,0
2837,2856,5,0,0
2858,2864,5,0,0
2866,2867,5,0,0
2869,2873,5,0,0
2876,2876,3,1,0
2878,2879,3,1,0
2880,2880,12,0,0
2881,2884,3,1,0
2887,2888,12,0,0
2891,2892,12,0,0
2893,2893,3,0,1
2901,2903,3,1,0
2908,2909,5,0,0
2911,2911,5,0,0
2914,2915,3,1,0
2929,2929,5,0,0
2946,2946,3,1,0
3006,3006,3,1,0
3007,3007,12,0,0
3008,3008,3,1,0
3009,3010,12,0,0
3014,3016,12,0,0
3018,3020,12,0,0
3021,3021,3,1,0
3031,3031,3,1,0
3072,3072,3,1,0
3073,3075,12,0,0
3076,3076,3,1,0
3093,3112,5,0,0
3114,3129,5,0,0
3132,3132,3,1,0
3134,3136,3,1,0
3137,3140,12,0,0
3142,3144,3,1,0
3146,3148,3,1,0
3149,3149,3,0,1
3157,3158,3,1,0
3160,3162,5,0,0
3170,3171,3,1,0
3201,3201,3,1,0
3202,3203,12,0,0
3260,3260,3,1,0
3262,3262,12,0,0
3263,3264,3,1,0
3265,3265,12,0,0
3266,3266,3,1,0
3267,3268,12,0,0
3270,3272,3,1,0
3274,3277,3,1,0
3285,3286,3,1,0
3298,3299,3,1,0
3315,3315,12,0,0
3328,3329,3,1,0
3330,3331,12,0,0
3349,3386,5,0,0
3387,3388,3,1,0
3390,3390,3,1,0
3391,3392,12,0,0
3393,3396,3,1,0
3398,3400,12,0,0
3402,3404,12,0,0
3405,3405,3,0,1
3406,3406,10,0,0
3415,3415,3,1,0
3426,3427,3,1,0
3457,3457,3,1,0
3458,3459,12,0,0
3530,3530,3,1,0
3535,3535,3,1,0
3536,3537,12,0,0
3538,3540,3,1,0
3542,3542,3,1,0
3544,3550,12,0,0
3551,3551,3,1,0
3570,3571,12,0,0
3633,3633,3,1,0
3635,3635,12,0,0
3636,3642,3,1,0
3655,3662,3,1,0
3761,3761,3,1,0
3763,3763,12,0,0
3764,3772,3,1,0
3784,3790,3,1,0
3864,3865,3,1,0
3893,3893,3,1,0
3895,3895,3,1,0
3897,3897,3,1,0
3902,3903,12,0,0
3953,3966,3,1,0
3967,3967,12,0,0
3968,3972,3,1,0
3974,3975,3,1,0
3981,3991,3,1,0
3993,4028,3,1,0
4038,4038,3,1,0
4096,4138,5,0,0
4141,4144,3,1,0
4145,4145,12,0,0
4146,4151,3,1,0
4153,4153,3,0,1
4154,4154,3,1,0
4155,4156,12,0,0
4157,4158,3,1,0
4159,4159,5,0,0
4176,4181,5,0,0
4182,4183,12,0,0
4184,4185,3,1,0
4186,4189,5,0,0
4190,4192,3,1,0
4193,4193,5,0,0
4197,4198,5,0,0
4206,4208,5,0,0
4209,4212,3,1,0
4213,4225,5,0,0
4226,4226,3,1,0
4228,4228,12,0,0
4229,4230,3,1,0
4237,4237,3,1,0
4238,4238,5,0,0
4253,4253,3,1,0
4352,4447,6,0,0
4448,4519,14,0,0
4520,4607,13,0,0
4957,4959,3,1,0
5906,5909,3,1,0
5938,5940,3,1,0
5970,5971,3,1,0
6002,6003,3,1,0
6016,6067,5,0,0
6068,6069,3,1,0
6070,6070,12,0,0
6071,6077,3,1,0
6078,6085,12,0,0
6086,6086,3,1,0
6087,6088,12,0,0
6089,6097,3,1,0
6098,6098,3,0,1
6099,6099,3,1,0
6109,6109,3,1,0
6155,6157,3,1,0
6158,6158,2,0,0
6159,6159,3,1,0
6277,6278,3,1,0
6313,6313,3,1,0
6432,6434,3,1,0
6435,6438,12,0,0
6439,6440,3,1,0
6441,6443,12,0,0
6448,6449,12,0,0
6450,6450,3,1,0
6451,6456,12,0,0
6457,6459,3,1,0
6679,6680,3,1,0
6681,6682,12,0,0
6683,6683,3,1,0
6688,6740,5,0,0
6741,6741,12,0,0
6742,6742,3,1,0
6743,6743,12,0,0
6744,6750,3,1,0
6752,6752,3,0,1
6754,6754,3,1,0
6757,6764,3,1,0
6765,6770,12,0,0
6771,6780,3,1,0
6783,6783,3,1,0
6832,6877,3,1,0
6880,6891,3,1,0
6912,6915,3,1,0
6916,6916,12,0,0
6923,6924,5,0,0
6931,6963,5,0,0
6964,6973,3,1,0
6974,6977,12,0,0
6978,6979,3,1,0
6980,6980,3,0,1
6981,6988,5,0,0
7019,7027,3,1,0
7040,7041,3,1,0
7042,7042,12,0,0
7043,7072,5,0,0
7073,7073,12,0,0
7074,7077,3,1,0
7078,7079,12,0,0
7080,7082,3,1,0
7083,7083,3,0,1
7084,7085,3,1,0
7086,7087,5,0,0
7099,7101,5,0,0
7142,7142,3,1,0
7143,7143,12,0,0
7144,7145,3,1,0
7146,7148,12,0,0
7149,7149,3,1,0
7150,7150,12,0,0
7151,7155,3,1,0
7204,7211,12,0,0
7212,7219,3,1,0
7220,7221,12,0,0
7222,7223,3,1,0
7376,7378,3,1,0
7380,7392,3,1,0
7393,7393,12,0,0
7394,7400,3,1,0
7405,7405,3,1,0
7412,7412,3,1,0
7415,7415,12,0,0
7416,7417,3,1,0
7616,7679,3,1,0
8203,8203,2,0,0
8204,8204,3,0,0
8205,8205,15,1,0
8206,8207,2,0,0
8232,8238,2,0,0
8252,8252,4,0,0
8265,8265,4,0,0
8288,8303,2,0,0
8400,8432,3,1,0
8482,8482,4,0,0
8505,8505,4,0,0
8596,8601,4,0,0
8617,8618,4,0,0
8986,8987,4,0,0
9000,9000,4,0,0
9167,9167,4,0,0
9193,9203,4,0,0
9208,9210,4,0,0
9410,9410,4,0,0
9642,9643,4,0,0
9654,9654,4,0,0
9664,9664,4,0,0
9723,9726,4,0,0
9728,9732,4,0,0
9742,9742,4,0,0
9745,9745,4,0,0
9748,9749,4,0,0
9752,9752,4,0,0
9757,9757,4,0,0
9760,9760,4,0,0
9762,9763,4,0,0
9766,9766,4,0,0
9770,9770,4,0,0
9774,9775,4,0,0
9784,9786,4,0,0
9792,9792,4,0,0
9794,9794,4,0,0
9800,9811,4,0,0
9823,9824,4,0,0
9827,9827,4,0,0
9829,9830,4,0,0
9832,9832,4,0,0
9851,9851,4,0,0
9854,9855,4,0,0
9874,9879,4,0,0
9881,9881,4,0,0
9883,9884,4,0,0
9888,9889,4,0,0
9895,9895,4,0,0
9898,9899,4,0,0
9904,9905,4,0,0
9917,9918,4,0,0
9924,9925,4,0,0
9928,9928,4,0,0
9934,9935,4,0,0
9937,9937,4,0,0
9939,9940,4,0,0
9961,9962,4,0,0
9968,9973,4,0,0
9975,9978,4,0,0
9981,9981,4,0,0
9986,9986,4,0,0
9989,9989,4,0,0
9992,9997,4,0,0
9999,9999,4,0,0
10002,10002,4,0,0
10004,10004,4,0,0
10006,10006,4,0,0
10013,10013,4,0,0
10017,10017,4,0,0
10024,10024,4,0,0
10035,10036,4,0,0
10052,10052,4,0,0
10055,10055,4,0,0
10060,10060,4,0,0
10062,10062,4,0,0
10067,10069,4,0,0
10071,10071,4,0,0
10083,10084,4,0,0
10133,10135,4,0,0
10145,10145,4,0,0
10160,10160,4,0,0
10175,10175,4,0,0
10548,10549,4,0,0
11013,11015,4,0,0
11035,11036,4,0,0
11088,11088,4,0,0
11093,11093,4,0,0
11503,11505,3,1,0
11647,11647,3,1,0
11744,11775,3,1,0
12330,12335,3,1,0
12336,12336,4,0,0
12349,12349,4,0,0
12441,12442,3,1,0
12951,12951,4,0,0
12953,12953,4,0,0
42607,42610,3,1,0
42612,42621,3,1,0
42654,42655,3,1,0
42736,42737,3,1,0
43010,43010,3,1,0
43014,43014,3,1,0
43019,43019,3,1,0
43043,43044,12,0,0
43045,43046,3,1,0
43047,43047,12,0,0
43052,43052,3,1,0
43136,43137,12,0,0
43188,43203,12,0,0
43204,43205,3,1,0
43232,43249,3,1,0
43263,43263,3,1,0
43302,43309,3,1,0
43335,43345,3,1,0
43346,43346,12,0,0
43347,43347,3,1,0
43360,43388,6,0,0
43392,43394,3,1,0
43395,43395,12,0,0
43401,43403,5,0,0
43407,43442,5,0,0
43443,43443,3,1,0
43444,43445,12,0,0
43446,43449,3,1,0
43450,43451,12,0,0
43452,43453,3,1,0
43454,43455,12,0,0
43456,43456,3,0,1
43488,43492,5,0,0
43493,43493,3,1,0
43495,43503,5,0,0
43514,43518,5,0,0
43561,43566,3,1,0
43567,43568,12,0,0
43569,43570,3,1,0
43571,43572,12,0,0
43573,43574,3,1,0
43587,43587,3,1,0
43596,43596,3,1,0
43597,43597,12,0,0
43616,43631,5,0,0
43633,43635,5,0,0
43642,43642,5,0,0
43644,43644,3,1,0
43646,43647,5,0,0
43696,43696,3,1,0
43698,43700,3,1,0
43703,43704,3,1,0
43710,43711,3,1,0
43713,43713,3,1,0
43744,43754,5,0,0
43755,43755,12,0,0
43756,43757,3,1,0
43758,43759,12,0,0
43765,43765,12,0,0
43766,43766,3,0,1
43968,43994,5,0,0
44003,44004,12,0,0
44005,44005,3,1,0
44006,44007,12,0,0
44008,44008,3,1,0
44009,44010,12,0,0
44012,44012,12,0,0
44013,44013,3,1,0
44032,44032,8,0,0
44033,44059,9,0,0
44060,44060,8,0,0
44061,44087,9,0,0
44088,44088,8,0,0
44089,44115,9,0,0
44116,44116,8,0,0
44117,44143,9,0,0
44144,44144,8,0,0
44145,44171,9,0,0
44172,44172,8,0,0
44173,44199,9,0,0
44200,44200,8,0,0
44201,44227,9,0,0
44228,44228,8,0,0
44229,44255,9,0,0
44256,44256,8,0,0
44257,44283,9,0,0
44284,44284,8,0,0
44285,44311,9,0,0
44312,44312,8,0,0
44313,44339,9,0,0
44340,44340,8,0,0
44341,44367,9,0,0
44368,44368,8,0,0
44369,44395,9,0,0
44396,44396,8,0,0
44397,44423,9,0,0
44424,44424,8,0,0
44425,44451,9,0,0
44452,44452,8,0,0
44453,44479,9,0,0
44480,44480,8,0,0
44481,44507,9,0,0
44508,44508,8,0,0
44509,44535,9,0,0
44536,44536,8,0,0
44537,44563,9,0,0
44564,44564,8,0,0
44565,44591,9,0,0
44592,44592,8,0,0
44593,44619,9,0,0
44620,44620,8,0,0
44621,44647,9,0,0
44648,44648,8,0,0
44649,44675,9,0,0
44676,44676,8,0,0
44677,44703,9,0,0
44704,44704,8,0,0
44705,44731,9,0,0
44732,44732,8,0,0
44733,44759,9,0,0
44760,44760,8,0,0
44761,44787,9,0,0
44788,44788,8,0,0
44789,44815,9,0,0
44816,44816,8,0,0
44817,44843,9,0,0
44844,44844,8,0,0
44845,44871,9,0,0
44872,44872,8,0,0
44873,44899,9,0,0
44900,44900,8,0,0
44901,44927,9,0,0
44928,44928,8,0,0
44929,44955,9,0,0
44956,44956,8,0,0
44957,44983,9,0,0
44984,44984,8,0,0
44985,45011,9,0,0
45012,45012,8,0,0
45013,45039,9,0,0
45040,45040,8,0,0
45041,45067,9,0,0
45068,45068,8,0,0
45069,45095,9,0,0
45096,45096,8,0,0
45097,45123,9,0,0
45124,45124,8,0,0
45125,45151,9,0,0
45152,45152,8,0,0
45153,45179,9,0,0
45180,45180,8,0,0
45181,45207,9,0,0
45208,45208,8,0,0
45209,45235,9,0,0
45236,45236,8,0,0
45237,45263,9,0,0
45264,45264,8,0,0
45265,45291,9,0,0
45292,45292,8,0,0
45293,45319,9,0,0
45320,45320,8,0,0
45321,45347,9,0,0
45348,45348,8,0,0
45349,45375,9,0,0
45376,45376,8,0,0
45377,45403,9,0,0
45404,45404,8,0,0
45405,45431,9,0,0
45432,45432,8,0,0
45433,45459,9,0,0
45460,45460,8,0,0
45461,45487,9,0,0
45488,45488,8,0,0
45489,45515,9,0,0
45516,45516,8,0,0
45517,45543,9,0,0
45544,45544,8,0,0
45545,45571,9,0,0
45572,45572,8,0,0
45573,45599,9,0,0
45600,45600,8,0,0
45601,45627,9,0,0
45628,45628,8,0,0
45629,45655,9,0,0
45656,45656,8,0,0
45657,45683,9,0,0
45684,45684,8,0,0
45685,45711,9,0,0
45712,45712,8,0,0
45713,45739,9,0,0
45740,45740,8,0,0
45741,45767,9,0,0
45768,45768,8,0,0
45769,45795,9,0,0
45796,45796,8,0,0
45797,45823,9,0,0
45824,45824,8,0,0
45825,45851,9,0,0
45852,45852,8,0,0
45853,45879,9,0,0
45880,45880,8,0,0
45881,45907,9,0,0
45908,45908,8,0,0
45909,45935,9,0,0
45936,45936,8,0,0
45937,45963,9,0,0
45964,45964,8,0,0
45965,45991,9,0,0
45992,45992,8,0,0
45993,46019,9,0,0
46020,46020,8,0,0
46021,46047,9,0,0
46048,46048,8,0,0
46049,46075,9,0,0
46076,46076,8,0,0
46077,46103,9,0,0
46104,46104,8,0,0
46105,46131,9,0,0
46132,46132,8,0,0
46133,46159,9,0,0
46160,46160,8,0,0
46161,46187,9,0,0
46188,46188,8,0,0
46189,46215,9,0,0
46216,46216,8,0,0
46217,46243,9,0,0
46244,46244,8,0,0
46245,46271,9,0,0
46272,46272,8,0,0
46273,46299,9,0,0
46300,46300,8,0,0
46301,46327,9,0,0
46328,46328,8,0,0
46329,46355,9,0,0
46356,46356,8,0,0
46357,46383,9,0,0
46384,46384,8,0,0
46385,46411,9,0,0
46412,46412,8,0,0
46413,46439,9,0,0
46440,46440,8,0,0
46441,46467,9,0,0
46468,46468,8,0,0
46469,46495,9,0,0
46496,46496,8,0,0
46497,46523,9,0,0
46524,46524,8,0,0
46525,46551,9,0,0
46552,46552,8,0,0
46553,46579,9,0,0
46580,46580,8,0,0
46581,46607,9,0,0
46608,46608,8,0,0
46609,46635,9,0,0
46636,46636,8,0,0
46637,46663,9,0,0
46664,46664,8,0,0
46665,46691,9,0,0
46692,46692,8,0,0
46693,46719,9,0,0
46720,46720,8,0,0
46721,46747,9,0,0
46748,46748,8,0,0
46749,46775,9,0,0
46776,46776,8,0,0
46777,46803,9,0,0
46804,46804,8,0,0
46805,46831,9,0,0
46832,46832,8,0,0
46833,46859,9,0,0
46860,46860,8,0,0
46861,46887,9,0,0
46888,46888,8,0,0
46889,46915,9,0,0
46916,46916,8,0,0
46917,46943,9,0,0
46944,46944,8,0,0
46945,46971,9,0,0
46972,46972,8,0,0
46973,46999,9,0,0
47000,47000,8,0,0
47001,47027,9,0,0
47028,47028,8,0,0
47029,47055,9,0,0
47056,47056,8,0,0
47057,47083,9,0,0
47084,47084,8,0,0
47085,47111,9,0,0
47112,47112,8,0,0
47113,47139,9,0,0
47140,47140,8,0,0
47141,47167,9,0,0
47168,47168,8,0,0
47169,47195,9,0,0
47196,47196,8,0,0
47197,47223,9,0,0
47224,47224,8,0,0
47225,47251,9,0,0
47252,47252,8,0,0
47253,47279,9,0,0
47280,47280,8,0,0
47281,47307,9,0,0
47308,47308,8,0,0
47309,47335,9,0,0
47336,47336,8,0,0
47337,47363,9,0,0
47364,47364,8,0,0
47365,47391,9,0,0
47392,47392,8,0,0
47393,47419,9,0,0
47420,47420,8,0,0
47421,47447,9,0,0
47448,47448,8,0,0
47449,47475,9,0,0
47476,47476,8,0,0
47477,47503,9,0,0
47504,47504,8,0,0
47505,47531,9,0,0
47532,47532,8,0,0
47533,47559,9,0,0
47560,47560,8,0,0
47561,47587,9,0,0
47588,47588,8,0,0
47589,47615,9,0,0
47616,47616,8,0,0
47617,47643,9,0,0
47644,47644,8,0,0
47645,47671,9,0,0
47672,47672,8,0,0
47673,47699,9,0,0
47700,47700,8,0,0
47701,47727,9,0,0
47728,47728,8,0,0
47729,47755,9,0,0
47756,47756,8,0,0
47757,47783,9,0,0
47784,47784,8,0,0
47785,47811,9,0,0
47812,47812,8,0,0
47813,47839,9,0,0
47840,47840,8,0,0
47841,47867,9,0,0
47868,47868,8,0,0
47869,47895,9,0,0
47896,47896,8,0,0
47897,47923,9,0,0
47924,47924,8,0,0
47925,47951,9,0,0
47952,47952,8,0,0
47953,47979,9,0,0
47980,47980,8,0,0
47981,48007,9,0,0
48008,48008,8,0,0
48009,48035,9,0,0
48036,48036,8,0,0
48037,48063,9,0,0
48064,48064,8,0,0
48065,48091,9,0,0
48092,48092,8,0,0
48093,48119,9,0,0
48120,48120,8,0,0
48121,48147,9,0,0
48148,48148,8,0,0
48149,48175,9,0,0
48176,48176,8,0,0
48177,48203,9,0,0
48204,48204,8,0,0
48205,48231,9,0,0
48232,48232,8,0,0
48233,48259,9,0,0
48260,48260,8,0,0
48261,48287,9,0,0
48288,48288,8,0,0
48289,48315,9,0,0
48316,48316,8,0,0
48317,48343,9,0,0
48344,48344,8,0,0
48345,48371,9,0,0
48372,48372,8,0,0
48373,48399,9,0,0
48400,48400,8,0,0
48401,48427,9,0,0
48428,48428,8,0,0
48429,48455,9,0,0
48456,48456,8,0,0
48457,48483,9,0,0
48484,48484,8,0,0
48485,48511,9,0,0
48512,48512,8,0,0
48513,48539,9,0,0
48540,48540,8,0,0
48541,48567,9,0,0
48568,48568,8,0,0
48569,48595,9,0,0
48596,48596,8,0,0
48597,48623,9,0,0
48624,48624,8,0,0
48625,48651,9,0,0
48652,48652,8,0,0
48653,48679,9,0,0
48680,48680,8,0,0
48681,48707,9,0,0
48708,48708,8,0,0
48709,48735,9,0,0
48736,48736,8,0,0
48737,48763,9,0,0
48764,48764,8,0,0
48765,48791,9,0,0
48792,48792,8,0,0
48793,48819,9,0,0
48820,48820,8,0,0
48821,48847,9,0,0
48848,48848,8,0,0
48849,48875,9,0,0
48876,48876,8,0,0
48877,48903,9,0,0
48904,48904,8,0,0
48905,48931,9,0,0
48932,48932,8,0,0
48933,48959,9,0,0
48960,48960,8,0,0
48961,48987,9,0,0
48988,48988,8,0,0
48989,49015,9,0,0
49016,49016,8,0,0
49017,49043,9,0,0
49044,49044,8,0,0
49045,49071,9,0,0
49072,49072,8,0,0
49073,49099,9,0,0
49100,49100,8,0,0
49101,49127,9,0,0
49128,49128,8,0,0
49129,49155,9,0,0
49156,49156,8,0,0
49157,49183,9,0,0
49184,49184,8,0,0
49185,49211,9,0,0
49212,49212,8,0,0
49213,49239,9,0,0
49240,49240,8,0,0
49241,49267,9,0,0
49268,49268,8,0,0
49269,49295,9,0,0
49296,49296,8,0,0
49297,49323,9,0,0
49324,49324,8,0,0
49325,49351,9,0,0
49352,49352,8,0,0
49353,49379,9,0,0
49380,49380,8,0,0
49381,49407,9,0,0
49408,49408,8,0,0
49409,49435,9,0,0
49436,49436,8,0,0
49437,49463,9,0,0
49464,49464,8,0,0
49465,49491,9,0,0
49492,49492,8,0,0
49493,49519,9,0,0
49520,49520,8,0,0
49521,49547,9,0,0
49548,49548,8,0,0
49549,49575,9,0,0
49576,49576,8,0,0
49577,49603,9,0,0
49604,49604,8,0,0
49605,49631,9,0,0
49632,49632,8,0,0
49633,49659,9,0,0
49660,49660,8,0,0
49661,49687,9,0,0
49688,49688,8,0,0
49689,49715,9,0,0
49716,49716,8,0,0
49717,49743,9,0,0
49744,49744,8,0,0
49745,49771,9,0,0
49772,49772,8,0,0
49773,49799,9,0,0
49800,49800,8,0,0
49801,49827,9,0,0
49828,49828,8,0,0
49829,49855,9,0,0
49856,49856,8,0,0
49857,49883,9,0,0
49884,49884,8,0,0
49885,49911,9,0,0
49912,49912,8,0,0
49913,49939,9,0,0
49940,49940,8,0,0
49941,49967,9,0,0
49968,49968,8,0,0
49969,49995,9,0,0
49996,49996,8,0,0
49997,50023,9,0,0
50024,50024,8,0,0
50025,50051,9,0,0
50052,50052,8,0,0
50053,50079,9,0,0
50080,50080,8,0,0
50081,50107,9,0,0
50108,50108,8,0,0
50109,50135,9,0,0
50136,50136,8,0,0
50137,50163,9,0,0
50164,50164,8,0,0
50165,50191,9,0,0
50192,50192,8,0,0
50193,50219,9,0,0
50220,50220,8,0,0
50221,50247,9,0,0
50248,50248,8,0,0
50249,50275,9,0,0
50276,50276,8,0,0
50277,50303,9,0,0
50304,50304,8,0,0
50305,50331,9,0,0
50332,50332,8,0,0
50333,50359,9,0,0
50360,50360,8,0,0
50361,50387,9,0,0
50388,50388,8,0,0
50389,50415,9,0,0
50416,50416,8,0,0
50417,50443,9,0,0
50444,50444,8,0,0
50445,50471,9,0,0
50472,50472,8,0,0
50473,50499,9,0,0
50500,50500,8,0,0
50501,50527,9,0,0
50528,50528,8,0,0
50529,50555,9,0,0
50556,50556,8,0,0
50557,50583,9,0,0
50584,50584,8,0,0
50585,50611,9,0,0
50612,50612,8,0,0
50613,50639,9,0,0
50640,50640,8,0,0
50641,50667,9,0,0
50668,50668,8,0,0
50669,50695,9,0,0
50696,50696,8,0,0
50697,50723,9,0,0
50724,50724,8,0,0
50725,50751,9,0,0
50752,50752,8,0,0
50753,50779,9,0,0
50780,50780,8,0,0
50781,50807,9,0,0
50808,50808,8,0,0
50809,50835,9,0,0
50836,50836,8,0,0
50837,50863,9,0,0
50864,50864,8,0,0
50865,50891,9,0,0
50892,50892,8,0,0
50893,50919,9,0,0
50920,50920,8,0,0
50921,50947,9,0,0
50948,50948,8,0,0
50949,50975,9,0,0
50976,50976,8,0,0
50977,51003,9,0,0
51004,51004,8,0,0
51005,51031,9,0,0
51032,51032,8,0,0
51033,51059,9,0,0
51060,51060,8,0,0
51061,51087,9,0,0
51088,51088,8,0,0
51089,51115,9,0,0
51116,51116,8,0,0
51117,51143,9,0,0
51144,51144,8,0,0
51145,51171,9,0,0
51172,51172,8,0,0
51173,51199,9,0,0
51200,51200,8,0,0
51201,51227,9,0,0
51228,51228,8,0,0
51229,51255,9,0,0
51256,51256,8,0,0
51257,51283,9,0,0
51284,51284,8,0,0
51285,51311,9,0,0
51312,51312,8,0,0
51313,51339,9,0,0
51340,51340,8,0,0
51341,51367,9,0,0
51368,51368,8,0,0
51369,51395,9,0,0
51396,51396,8,0,0
51397,51423,9,0,0
51424,51424,8,0,0
51425,51451,9,0,0
51452,51452,8,0,0
51453,51479,9,0,0
51480,51480,8,0,0
51481,51507,9,0,0
51508,51508,8,0,0
51509,51535,9,0,0
51536,51536,8,0,0
51537,51563,9,0,0
51564,51564,8,0,0
51565,51591,9,0,0
51592,51592,8,0,0
51593,51619,9,0,0
51620,51620,8,0,0
51621,51647,9,0,0
51648,51648,8,0,0
51649,51675,9,0,0
51676,51676,8,0,0
51677,51703,9,0,0
51704,51704,8,0,0
51705,51731,9,0,0
51732,51732,8,0,0
51733,51759,9,0,0
51760,51760,8,0,0
51761,51787,9,0,0
51788,51788,8,0,0
51789,51815,9,0,0
51816,51816,8,0,0
51817,51843,9,0,0
51844,51844,8,0,0
51845,51871,9,0,0
51872,51872,8,0,0
51873,51899,9,0,0
51900,51900,8,0,0
51901,51927,9,0,0
51928,51928,8,0,0
51929,51955,9,0,0
51956,51956,8,0,0
51957,51983,9,0,0
51984,51984,8,0,0
51985,52011,9,0,0
52012,52012,8,0,0
52013,52039,9,0,0
52040,52040,8,0,0
52041,52067,9,0,0
52068,52068,8,0,0
52069,52095,9,0,0
52096,52096,8,0,0
52097,52123,9,0,0
52124,52124,8,0,0
52125,52151,9,0,0
52152,52152,8,0,0
52153,52179,9,0,0
52180,52180,8,0,0
52181,52207,9,0,0
52208,52208,8,0,0
52209,52235,9,0,0
52236,52236,8,0,0
52237,52263,9,0,0
52264,52264,8,0,0
52265,52291,9,0,0
52292,52292,8,0,0
52293,52319,9,0,0
52320,52320,8,0,0
52321,52347,9,0,0
52348,52348,8,0,0
52349,52375,9,0,0
52376,52376,8,0,0
52377,52403,9,0,0
52404,52404,8,0,0
52405,52431,9,0,0
52432,52432,8,0,0
52433,52459,9,0,0
52460,52460,8,0,0
52461,52487,9,0,0
52488,52488,8,0,0
52489,52515,9,0,0
52516,52516,8,0,0
52517,52543,9,0,0
52544,52544,8,0,0
52545,52571,9,0,0
52572,52572,8,0,0
52573,52599,9,0,0
52600,52600,8,0,0
52601,52627,9,0,0
52628,52628,8,0,0
52629,52655,9,0,0
52656,52656,8,0,0
52657,52683,9,0,0
52684,52684,8,0,0
52685,52711,9,0,0
52712,52712,8,0,0
52713,52739,9,0,0
52740,52740,8,0,0
52741,52767,9,0,0
52768,52768,8,0,0
52769,52795,9,0,0
52796,52796,8,0,0
52797,52823,9,0,0
52824,52824,8,0,0
52825,52851,9,0,0
52852,52852,8,0,0
52853,52879,9,0,0
52880,52880,8,0,0
52881,52907,9,0,0
52908,52908,8,0,0
52909,52935,9,0,0
52936,52936,8,0,0
52937,52963,9,0,0
52964,52964,8,0,0
52965,52991,9,0,0
52992,52992,8,0,0
52993,53019,9,0,0
53020,53020,8,0,0
53021,53047,9,0,0
53048,53048,8,0,0
53049,53075,9,0,0
53076,53076,8,0,0
53077,53103,9,0,0
53104,53104,8,0,0
53105,53131,9,0,0
53132,53132,8,0,0
53133,53159,9,0,0
53160,53160,8,0,0
53161,53187,9,0,0
53188,53188,8,0,0
53189,53215,9,0,0
53216,53216,8,0,0
53217,53243,9,0,0
53244,53244,8,0,0
53245,53271,9,0,0
53272,53272,8,0,0
53273,53299,9,0,0
53300,53300,8,0,0
53301,53327,9,0,0
53328,53328,8,0,0
53329,53355,9,0,0
53356,53356,8,0,0
53357,53383,9,0,0
53384,53384,8,0,0
53385,53411,9,0,0
53412,53412,8,0,0
53413,53439,9,0,0
53440,53440,8,0,0
53441,53467,9,0,0
53468,53468,8,0,0
53469,53495,9,0,0
53496,53496,8,0,0
53497,53523,9,0,0
53524,53524,8,0,0
53525,53551,9,0,0
53552,53552,8,0,0
53553,53579,9,0,0
53580,53580,8,0,0
53581,53607,9,0,0
53608,53608,8,0,0
53609,53635,9,0,0
53636,53636,8,0,0
53637,53663,9,0,0
53664,53664,8,0,0
53665,53691,9,0,0
53692,53692,8,0,0
53693,53719,9,0,0
53720,53720,8,0,0
53721,53747,9,0,0
53748,53748,8,0,0
53749,53775,9,0,0
53776,53776,8,0,0
53777,53803,9,0,0
53804,53804,8,0,0
53805,53831,9,0,0
53832,53832,8,0,0
53833,53859,9,0,0
53860,53860,8,0,0
53861,53887,9,0,0
53888,53888,8,0,0
53889,53915,9,0,0
53916,53916,8,0,0
53917,53943,9,0,0
53944,53944,8,0,0
53945,53971,9,0,0
53972,53972,8,0,0
53973,53999,9,0,0
54000,54000,8,0,0
54001,54027,9,0,0
54028,54028,8,0,0
54029,54055,9,0,0
54056,54056,8,0,0
54057,54083,9,0,0
54084,54084,8,0,0
54085,54111,9,0,0
54112,54112,8,0,0
54113,54139,9,0,0
54140,54140,8,0,0
54141,54167,9,0,0
54168,54168,8,0,0
54169,54195,9,0,0
54196,54196,8,0,0
54197,54223,9,0,0
54224,54224,8,0,0
54225,54251,9,0,0
54252,54252,8,0,0
54253,54279,9,0,0
54280,54280,8,0,0
54281,54307,9,0,0
54308,54308,8,0,0
54309,54335,9,0,0
54336,54336,8,0,0
54337,54363,9,0,0
54364,54364,8,0,0
54365,54391,9,0,0
54392,54392,8,0,0
54393,54419,9,0,0
54420,54420,8,0,0
54421,54447,9,0,0
54448,54448,8,0,0
54449,54475,9,0,0
54476,54476,8,0,0
54477,54503,9,0,0
54504,54504,8,0,0
54505,54531,9,0,0
54532,54532,8,0,0
54533,54559,9,0,0
54560,54560,8,0,0
54561,54587,9,0,0
54588,54588,8,0,0
54589,54615,9,0,0
54616,54616,8,0,0
54617,54643,9,0,0
54644,54644,8,0,0
54645,54671,9,0,0
54672,54672,8,0,0
54673,54699,9,0,0
54700,54700,8,0,0
54701,54727,9,0,0
54728,54728,8,0,0
54729,54755,9,0,0
54756,54756,8,0,0
54757,54783,9,0,0
54784,54784,8,0,0
54785,54811,9,0,0
54812,54812,8,0,0
54813,54839,9,0,0
54840,54840,8,0,0
54841,54867,9,0,0
54868,54868,8,0,0
54869,54895,9,0,0
54896,54896,8,0,0
54897,54923,9,0,0
54924,54924,8,0,0
54925,54951,9,0,0
54952,54952,8,0,0
54953,54979,9,0,0
54980,54980,8,0,0
54981,55007,9,0,0
55008,55008,8,0,0
55009,55035,9,0,0
55036,55036,8,0,0
55037,55063,9,0,0
55064,55064,8,0,0
55065,55091,9,0,0
55092,55092,8,0,0
55093,55119,9,0,0
55120,55120,8,0,0
55121,55147,9,0,0
55148,55148,8,0,0
55149,55175,9,0,0
55176,55176,8,0,0
55177,55203,9,0,0
55216,55238,14,0,0
55243,55291,13,0,0
64286,64286,3,1,0
65024,65039,3,1,0
65056,65071,3,1,0
65279,65279,2,0,0
65438,65439,3,1,0
65520,65531,2,0,0
66045,66045,3,1,0
66272,66272,3,1,0
66422,66426,3,1,0
68096,68096,5,0,0
68097,68099,3,1,0
68101,68102,3,1,0
68108,68111,3,1,0
68112,68115,5,0,0
68117,68119,5,0,0
68121,68149,5,0,0
68152,68154,3,1,0
68159,68159,3,0,1
68325,68326,3,1,0
68900,68903,3,1,0
68969,68973,3,1,0
69291,69292,3,1,0
69370,69375,3,1,0
69446,69456,3,1,0
69506,69509,3,1,0
69632,69632,12,0,0
69633,69633,3,1,0
69634,69634,12,0,0
69688,69702,3,1,0
69744,69744,3,1,0
69747,69748,3,1,0
69759,69761,3,1,0
69762,69762,12,0,0
69808,69810,12,0,0
69811,69814,3,1,0
69815,69816,12,0,0
69817,69818,3,1,0
69821,69821,10,0,0
69826,69826,3,1,0
69837,69837,10,0,0
69888,69890,3,1,0
69891,69926,5,0,0
69927,69931,3,1,0
69932,69932,12,0,0
69933,69938,3,1,0
69939,69939,3,0,1
69940,69940,3,1,0
69956,69956,5,0,0
69957,69958,12,0,0
69959,69959,5,0,0
70003,70003,3,1,0
70016,70017,3,1,0
70018,70018,12,0,0
70067,70069,12,0,0
70070,70078,3,1,0
70079,70079,12,0,0
70080,70080,3,1,0
70082,70083,10,0,0
70089,70092,3,1,0
70094,70094,12,0,0
70095,70095,3,1,0
70188,70190,12,0,0
70191,70193,3,1,0
70194,70195,12,0,0
70196,70199,3,1,0
70206,70206,3,1,0
70209,70209,3,1,0
70367,70367,3,1,0
70368,70370,12,0,0
70371,70378,3,1,0
70400,70401,3,1,0
70402,70403,12,0,0
70459,70460,3,1,0
70462,70462,3,1,0
70463,70463,12,0,0
70464,70464,3,1,0
70465,70468,12,0,0
70471,70472,12,0,0
70475,70476,12,0,0
70477,70477,3,1,0
70487,70487,3,1,0
70498,70499,12,0,0
70502,70508,3,1,0
70512,70516,3,1,0
70528,70537,5,0,0
70539,70539,5,0,0
70542,70542,5,0,0
70544,70581,5,0,0
70584,70584,3,1,0
70585,70586,12,0,0
70587,70592,3,1,0
70594,70594,3,1,0
70597,70597,3,1,0
70599,70601,3,1,0
70602,70602,12,0,0
70604,70605,12,0,0
70606,70607,3,1,0
70608,70608,3,0,1
70609,70609,10,0,0
70610,70610,3,1,0
70625,70626,3,1,0
70709,70711,12,0,0
70712,70719,3,1,0
70720,70721,12,0,0
70722,70724,3,1,0
70725,70725,12,0,0
70726,70726,3,1,0
70750,70750,3,1,0
70832,70832,3,1,0
70833,70834,12,0,0
70835,70840,3,1,0
70841,70841,12,0,0
70842,70842,3,1,0
70843,70844,12,0,0
70845,70845,3,1,0
70846,70846,12,0,0
70847,70848,3,1,0
70849,70849,12,0,0
70850,70851,3,1,0
71087,71087,3,1,0
71088,71089,12,0,0
71090,71093,3,1,0
71096,71099,12,0,0
71100,71101,3,1,0
71102,71102,12,0,0
71103,71104,3,1,0
71132,71133,3,1,0
71216,71218,12,0,0
71219,71226,3,1,0
71227,71228,12,0,0
71229,71229,3,1,0
71230,71230,12,0,0
71231,71232,3,1,0
71339,71339,3,1,0
71340,71340,12,0,0
71341,71341,3,1,0
71342,71343,12,0,0
71344,71351,3,1,0
71453,71453,3,1,0
71454,71454,12,0,0
71455,71455,3,1,0
71458,71461,3,1,0
71462,71462,12,0,0
71463,71467,3,1,0
71724,71726,12,0,0
71727,71735,3,1,0
71736,71736,12,0,0
71737,71738,3,1,0
71936,71942,5,0,0
71945,71945,5,0,0
71948,71955,5,0,0
71957,71958,5,0,0
71960,71983,5,0,0
71984,71984,3,1,0
71985,71989,12,0,0
71991,71992,12,0,0
71995,71997,3,1,0
71998,71998,3,0,1
71999,71999,10,0,0
72000,72000,12,0,0
72001,72001,10,0,0
72002,72002,12,0,0
72003,72003,3,1,0
72145,72147,12,0,0
72148,72151,3,1,0
72154,72155,3,1,0
72156,72159,12,0,0
72160,72160,3,1,0
72164,72164,12,0,0
72192,72192,5,0,0
72193,72202,3,1,0
72203,72242,5,0,0
72243,72248,3,1,0
72249,72249,12,0,0
72251,72254,3,1,0
72263,72263,3,0,1
72272,72272,5,0,0
72273,72278,3,1,0
72279,72280,12,0,0
72281,72283,3,1,0
72284,72323,5,0,0
72324,72329,10,0,0
72330,72342,3,1,0
72343,72343,12,0,0
72344,72344,3,1,0
72345,72345,3,0,1
72544,72544,3,1,0
72545,72545,12,0,0
72546,72548,3,1,0
72549,72549,12,0,0
72550,72550,3,1,0
72551,72551,12,0,0
72751,72751,12,0,0
72752,72758,3,1,0
72760,72765,3,1,0
72766,72766,12,0,0
72767,72767,3,1,0
72850,72871,3,1,0
72873,72873,12,0,0
72874,72880,3,1,0
72881,72881,12,0,0
72882,72883,3,1,0
72884,72884,12,0,0
72885,72886,3,1,0
73009,73014,3,1,0
73018,73018,3,1,0
73020,73021,3,1,0
73023,73029,3,1,0
73030,73030,10,0,0
73031,73031,3,1,0
73098,73102,12,0,0
73104,73105,3,1,0
73107,73108,12,0,0
73109,73109,3,1,0
73110,73110,12,0,0
73111,73111,3,1,0
73459,73460,3,1,0
73461,73462,12,0,0
73472,73473,3,1,0
73474,73474,10,0,0
73475,73475,12,0,0
73476,73488,5,0,0
73490,73523,5,0,0
73524,73525,12,0,0
73526,73530,3,1,0
73534,73535,12,0,0
73536,73537,3,1,0
73538,73538,3,0,1
73562,73562,3,1,0
78896,78911,2,0,0
78912,78912,3,1,0
78919,78933,3,1,0
90398,90409,3,1,0
90410,90412,12,0,0
90413,90415,3,1,0
92912,92916,3,1,0
92976,92982,3,1,0
93539,93539,14,0,0
93543,93546,14,0,0
94031,94031,3,1,0
94033,94087,12,0,0
94095,94098,3,1,0
94180,94180,3,1,0
94192,94193,3,1,0
113821,113822,3,1,0
113824,113827,2,0,0
118528,118573,3,1,0
118576,118598,3,1,0
119141,119145,3,1,0
119149,119154,3,1,0
119155,119162,2,0,0
119163,119170,3,1,0
119173,119179,3,1,0
119210,119213,3,1,0
119362,119364,3,1,0
121344,121398,3,1,0
121403,121452,3,1,0
121461,121461,3,1,0
121476,121476,3,1,0
121499,121503,3,1,0
121505,121519,3,1,0
122880,122886,3,1,0
122888,122904,3,1,0
122907,122913,3,1,0
122915,122916,3,1,0
122918,122922,3,1,0
123023,123023,3,1,0
123184,123190,3,1,0
123566,123566,3,1,0
123628,123631,3,1,0
124140,124143,3,1,0
124398,124399,3,1,0
124643,124643,3,1,0
124646,124646,3,1,0
124654,124655,3,1,0
124661,124661,3,1,0
125136,125142,3,1,0
125252,125258,3,1,0
126980,126980,4,0,0
127020,127023,4,0,0
127124,127135,4,0,0
127151,127152,4,0,0
127168,127168,4,0,0
127183,127184,4,0,0
127222,127231,4,0,0
127344,127345,4,0,0
127358,127359,4,0,0
127374,127374,4,0,0
127377,127386,4,0,0
127406,127461,4,0,0
127462,127487,11,0,0
127489,127503,4,0,0
127514,127514,4,0,0
127535,127535,4,0,0
127538,127546,4,0,0
127548,127551,4,0,0
127561,127583,4,0,0
127590,127777,4,0,0
127780,127891,4,0,0
127894,127895,4,0,0
127897,127899,4,0,0
127902,127984,4,0,0
127987,127989,4,0,0
127991,127994,4,0,0
127995,127999,3,1,0
128000,128253,4,0,0
128255,128317,4,0,0
128329,128334,4,0,0
128336,128359,4,0,0
128367,128368,4,0,0
128371,128378,4,0,0
128391,128391,4,0,0
128394,128397,4,0,0
128400,128400,4,0,0
128405,128406,4,0,0
128420,128421,4,0,0
128424,128424,4,0,0
128433,128434,4,0,0
128444,128444,4,0,0
128450,128452,4,0,0
128465,128467,4,0,0
128476,128478,4,0,0
128481,128481,4,0,0
128483,128483,4,0,0
128488,128488,4,0,0
128495,128495,4,0,0
128499,128499,4,0,0
128506,128591,4,0,0
128640,128709,4,0,0
128715,128722,4,0,0
128725,128741,4,0,0
128745,128745,4,0,0
128747,128752,4,0,0
128755,128767,4,0,0
128986,129023,4,0,0
129036,129039,4,0,0
129096,129103,4,0,0
129114,129119,4,0,0
129160,129167,4,0,0
129198,129199,4,0,0
129212,129215,4,0,0
129218,129231,4,0,0
129241,129279,4,0,0
129292,129338,4,0,0
129340,129349,4,0,0
129351,129535,4,0,0
129624,129631,4,0,0
129646,129791,4,0,0
130048,131069,4,0,0
917504,917535,2,0,0
917536,917631,3,1,0
917632,917759,2,0,0
917760,917999,3,1,0
918000,921599,2,0,0
